"loc_id","crd_id","lat","long","elevation_wc25","koeppen","country","continent","koeppen_gr"
"l_1",1,-0.03,-78.82,1233,"Tropical Rainforest","Ecuador","South America","Tropical"
"l_10",2,-0.37639,-78.07472,3031,"Temperate - Without dry season - Warm summer","Ecuador","South America","Temperate"
"l_56",3,-3.34766,-64.70669,42,"Tropical Rainforest","Brazil","South America","Tropical"
"l_59",6,-33.13,18.86,57,"Temperate - Dry summer - Hot summer","South Africa","Africa","Temperate"
"l_60",7,-33.4353,19.0718,199,"Temperate - Dry summer - Hot summer","South Africa","Africa","Temperate"
"l_83",8,-33.99,18.98,758,"Temperate - Dry summer - Warm summer","South Africa","Africa","Temperate"
"l_67",9,-33.73,19.12,762,"Temperate - Dry summer - Warm summer","South Africa","Africa","Temperate"
"l_70",10,-33.86225,22.59114,647,"Arid Steppe - Cold","South Africa","Africa","Arid"
"l_74",11,-33.95226,22.53441,316,"Arid Steppe - Cold","South Africa","Africa","Arid"
"l_61",12,-33.46,19.62,536,"Temperate - Dry summer - Hot summer","South Africa","Africa","Temperate"
"l_68",13,-33.7,19.32,225,"Temperate - Dry summer - Hot summer","South Africa","Africa","Temperate"
"l_79",14,-33.98,18.43,325,"Temperate - Dry summer - Warm summer","South Africa","Africa","Temperate"
"l_71",15,-33.8,19.02,494,"Temperate - Dry summer - Warm summer","South Africa","Africa","Temperate"
"l_62",16,-33.5901,18.2537,0,"Temperate - Dry summer - Warm summer","South Africa","Africa","Temperate"
"l_73",17,-33.94,19.03,870,"Temperate - Dry summer - Warm summer","South Africa","Africa","Temperate"
"l_69",18,-33.85,19.01,212,"Temperate - Dry summer - Hot summer","South Africa","Africa","Temperate"
"l_63",19,-33.5909,18.2545,0,"Temperate - Dry summer - Warm summer","South Africa","Africa","Temperate"
"l_82",20,-33.99,18.7,51,"Temperate - Dry summer - Warm summer","South Africa","Africa","Temperate"
"l_81",21,-33.99,18.43,325,"Temperate - Dry summer - Warm summer","South Africa","Africa","Temperate"
"l_92",22,-34.15385,18.73901,0,"Temperate - Dry summer - Warm summer","South Africa","Africa","Temperate"
"l_99",23,-34.32,19.05,207,"Temperate - Dry summer - Warm summer","South Africa","Africa","Temperate"
"l_64",24,-33.5939,18.5832,103,"Temperate - Dry summer - Hot summer","South Africa","Africa","Temperate"
"l_65",25,-33.67871,26.68281,25,"Temperate - Without dry season - Hot summer","South Africa","Africa","Temperate"
"l_66",26,-33.67,26.68,25,"Arid Steppe - Hot","South Africa","Africa","Arid"
"l_72",27,-33.93,23.49,302,"Temperate - Without dry season - Warm summer","South Africa","Africa","Temperate"
"l_76",28,-33.96,21.23,586,"Arid Steppe - Cold","South Africa","Africa","Arid"
"l_75",29,-33.95236,18.47633,21,"Temperate - Dry summer - Warm summer","South Africa","Africa","Temperate"
"l_77",30,-33.98248,18.45135,325,"Temperate - Dry summer - Warm summer","South Africa","Africa","Temperate"
"l_78",31,-33.98545,18.43032,325,"Temperate - Dry summer - Warm summer","South Africa","Africa","Temperate"
"l_84",32,-34.00024,18.43577,75,"Temperate - Dry summer - Warm summer","South Africa","Africa","Temperate"
"l_85",33,-34.00887,18.39077,282,"Temperate - Dry summer - Warm summer","South Africa","Africa","Temperate"
"l_87",34,-34.0877,18.4187,272,"Temperate - Dry summer - Warm summer","South Africa","Africa","Temperate"
"l_88",35,-34.10758,18.40939,148,"Temperate - Dry summer - Warm summer","South Africa","Africa","Temperate"
"l_89",36,-34.13076,18.43519,73,"Temperate - Dry summer - Warm summer","South Africa","Africa","Temperate"
"l_94",37,-34.19167,18.41992,169,"Temperate - Dry summer - Warm summer","South Africa","Africa","Temperate"
"l_96",38,-34.20249,18.37455,163,"Temperate - Dry summer - Warm summer","South Africa","Africa","Temperate"
"l_80",39,-33.98,23.45,176,"Temperate - Without dry season - Warm summer","South Africa","Africa","Temperate"
"l_572",40,46.71756,-114.53285,1388,"Cold - Without dry season - Warm summer","United States of America","North America","Continental"
"l_13",41,-0.45034,-77.89074,2323,"Temperate - Without dry season - Warm summer","Ecuador","South America","Temperate"
"l_86",42,-34.06,19.04,935,"Temperate - Dry summer - Warm summer","South Africa","Africa","Temperate"
"l_90",43,-34.14,18.34,90,"Temperate - Dry summer - Warm summer","South Africa","Africa","Temperate"
"l_91",44,-34.1515,20.593,169,"Arid Steppe - Cold","South Africa","Africa","Arid"
"l_98",45,-34.25,20.99,80,"Arid Steppe - Hot","South Africa","Africa","Arid"
"l_93",46,-34.18064,142.22133,45,"Arid Desert - Cold","Australia","Oceania","Arid"
"l_95",47,-34.19,19.05,300,"Temperate - Dry summer - Warm summer","South Africa","Africa","Temperate"
"l_97",48,-34.254,20.992,80,"Arid Steppe - Hot","South Africa","Africa","Arid"
"l_100",49,-34.43386,116.02596,143,"Temperate - Dry summer - Warm summer","Australia","Oceania","Temperate"
"l_101",50,-34.555,148.646,571,"Temperate - Without dry season - Hot summer","Australia","Oceania","Temperate"
"l_282",51,33.9,-110.2,1563,"Arid Steppe - Cold","United States of America","North America","Arid"
"l_305",52,36.0664,120.33879,32,"Temperate - Dry winter - Hot summer","China","Asia","Temperate"
"l_458",53,41.309,-122.327,1109,"Temperate - Dry summer - Hot summer","United States of America","North America","Temperate"
"l_545",54,45.42155,-75.68132,58,"Cold - Without dry season - Warm summer","Canada","North America","Continental"
"l_593",55,49.26496,-123.25168,47,"Temperate - Without dry season - Warm summer","Canada","North America","Temperate"
"l_652",56,52.05985,-114.68407,1049,"Cold - Without dry season - Warm summer","Canada","North America","Continental"
"l_685",57,56.5399,13.4163,103,"Cold - Without dry season - Warm summer","Sweden","Europe","Continental"
"l_102",58,-34.75,138.96,450,"Temperate - Dry summer - Warm summer","Australia","Oceania","Temperate"
"l_103",59,-34.91,138.99,481,"Temperate - Dry summer - Warm summer","Australia","Oceania","Temperate"
"l_104",60,-34.99382,117.72093,37,"Temperate - Dry summer - Warm summer","Australia","Oceania","Temperate"
"l_12",61,-0.39,-78.06,3031,"Temperate - Without dry season - Warm summer","Ecuador","South America","Temperate"
"l_106",62,-35.57923036,-58.03718904,12,"Temperate - Without dry season - Hot summer","Argentina","South America","Temperate"
"l_336",63,37.42642,-7.76494,268,"Temperate - Dry summer - Hot summer","Portugal","Europe","Temperate"
"l_326",64,37.05612,35.35752,100,"Temperate - Dry summer - Hot summer","Turkey","Asia","Temperate"
"l_107",65,-22.596333,27.125139,982,"Arid Steppe - Hot","Botswana","Africa","Arid"
"l_108",66,-35,138.69,438,"Temperate - Dry summer - Warm summer","Australia","Oceania","Temperate"
"l_109",67,-36.6,174.5,64,"Temperate - Without dry season - Warm summer","New Zealand","Oceania","Temperate"
"l_111",68,-37.97,175.65,120,"Temperate - Without dry season - Warm summer","New Zealand","Oceania","Temperate"
"l_123",69,-54.8721,-67.28511,116,"Cold - Without dry season - Cold summer","Argentina","South America","Continental"
"l_110",70,-37.2214666082997,175.566325399197,5,"Temperate - Without dry season - Warm summer","New Zealand","Oceania","Temperate"
"l_177",71,23.67,116.58,22,"Temperate - Without dry season - Hot summer","China","Asia","Temperate"
"l_190",72,26.62,86.56,97,"Temperate - Dry winter - Hot summer","Nepal","Asia","Temperate"
"l_195",73,28.46,119.91,169,"Temperate - Without dry season - Hot summer","China","Asia","Temperate"
"l_723",74,-34.5698950871777,-58.4176053311883,4.7,"Temperate - Without dry season - Hot summer","Argentina","South America","Temperate"
"l_248",75,32.23,-110.95,747,"Arid Desert - Hot","United States of America","North America","Arid"
"l_252",76,32.68,109.02,287,"Temperate - Dry winter - Hot summer","China","Asia","Temperate"
"l_258",77,32.999,-109.903,854,"Arid Desert - Hot","United States of America","North America","Arid"
"l_291",78,35.107,-97.331,347,"Temperate - Without dry season - Hot summer","United States of America","North America","Temperate"
"l_400",79,38.88,115.51,18,"Arid Steppe - Cold","China","Asia","Arid"
"l_452",80,40.768,-111.981,1291,"Arid Steppe - Cold","United States of America","North America","Arid"
"l_112",81,-38.1,175.49,110,"Temperate - Without dry season - Warm summer","New Zealand","Oceania","Temperate"
"l_648",82,51.87972,5.90683,9,"Temperate - Without dry season - Warm summer","Netherlands","Europe","Temperate"
"l_113",83,-38.1,176.21,308,"Temperate - Without dry season - Warm summer","New Zealand","Oceania","Temperate"
"l_114",84,-38.315556,142.483056,18,"Temperate - Without dry season - Warm summer","Australia","Oceania","Temperate"
"l_642",85,51.79414,5.80432,12,"Temperate - Without dry season - Warm summer","Netherlands","Europe","Temperate"
"l_115",86,-43.52261,172.57936,24,"Temperate - Without dry season - Warm summer","New Zealand","Oceania","Temperate"
"l_117",87,-43.87262,172.28373,10,"Temperate - Without dry season - Warm summer","New Zealand","Oceania","Temperate"
"l_372",88,38.52918,-121.78279,16,"Temperate - Dry summer - Hot summer","United States of America","North America","Temperate"
"l_375",89,38.53893,-121.75961,16,"Temperate - Dry summer - Hot summer","United States of America","North America","Temperate"
"l_422",90,39.519,-121.554,75,"Temperate - Dry summer - Hot summer","United States of America","North America","Temperate"
"l_442",91,40.398,-122.145,178,"Temperate - Dry summer - Hot summer","United States of America","North America","Temperate"
"l_449",92,40.716,-122.425,349,"Temperate - Dry summer - Hot summer","United States of America","North America","Temperate"
"l_584",93,48.147,-123.124,7,"Temperate - Dry summer - Warm summer","Canada","North America","Temperate"
"l_116",94,-43.6,172.84,107,"Temperate - Without dry season - Warm summer","New Zealand","Oceania","Temperate"
"l_118",95,-5.45883,123.77217,-16,"Tropical Savannah","Indonesia","Asia","Tropical"
"l_119",96,-5.459,123.77,-16,"Tropical Savannah","Indonesia","Asia","Tropical"
"l_2",97,-0.07,-78.8,1336,"Tropical Monsoon","Ecuador","South America","Tropical"
"l_15",98,-1.34,-78.76,3965,"Polar Tundra","Ecuador","South America","Polar"
"l_121",99,-5.564,123.929,0,"Tropical Savannah","Indonesia","Asia","Tropical"
"l_122",101,-5.84,-35.2,49,"Tropical Savannah","Brazil","South America","Tropical"
"l_124",102,-54.93861,-67.64472,98,"Polar Tundra","Chile","South America","Polar"
"l_468",103,41.93323,-79.98278,374,"Cold - Without dry season - Warm summer","United States of America","North America","Continental"
"l_16",104,-1.36,-78.21,1851,"Temperate - Without dry season - Warm summer","Ecuador","South America","Temperate"
"l_125",105,-54.97389,-67.64472,530,"Polar Tundra","Chile","South America","Polar"
"l_126",106,-54.99056,-67.68222,541,"Polar Tundra","Chile","South America","Polar"
"l_127",107,-6.36633731,-76.37658556,934,"Tropical Rainforest","Peru","South America","Tropical"
"l_128",108,-62.40199,-59.56011,249,"Polar Tundra","","Antarctica","Polar"
"l_129",109,0.021889276,-78.8079795,1308,"Tropical Rainforest","Ecuador","South America","Tropical"
"l_131",110,0.02,-78.81,1308,"Tropical Rainforest","Ecuador","South America","Tropical"
"l_134",111,1.03,-78.62,342,"Tropical Rainforest","Ecuador","South America","Tropical"
"l_135",112,1.22,103.85,15,"Tropical Rainforest","Singapore","Asia","Tropical"
"l_137",114,10.3,-84.768,1504,"Tropical Monsoon","Costa Rica","North America","Tropical"
"l_17",115,-1.37,-78.06,1356,"Tropical Rainforest","Ecuador","South America","Tropical"
"l_139",116,10.44419334,-64.03153683,137,"Tropical Savannah","Venezuela","South America","Tropical"
"l_168",117,2.966,-78.184,117,"Tropical Rainforest","Colombia","South America","Tropical"
"l_141",118,11.29,79.47,29,"Tropical Savannah","India","Asia","Tropical"
"l_142",119,11.48,79.77,3,"Tropical Savannah","India","Asia","Tropical"
"l_143",120,19.3474840399207,-99.1837293392605,0,"Temperate - Dry winter - Warm summer","Mexico","North America","Temperate"
"l_144",121,14.60611,98.47056,678,"Tropical Monsoon","Thailand","Asia","Tropical"
"l_145",122,15.99588,-97.5578,23,"Tropical Savannah","Mexico","North America","Tropical"
"l_183",123,25.42010711,-108.460016,9,"Arid Steppe - Hot","Mexico","North America","Arid"
"l_192",124,26.89,-111.981,80,"Arid Desert - Hot","Mexico","North America","Arid"
"l_193",125,26.90051883,-111.9553637,21,"Arid Desert - Hot","Mexico","North America","Arid"
"l_146",126,16.805,-88.1,0,"Tropical Monsoon","Belize","North America","Tropical"
"l_147",127,17.03,-96.5,1925,"Temperate - Dry winter - Warm summer","Mexico","North America","Temperate"
"l_148",128,17.04448403,-96.51516792,1974,"Temperate - Dry winter - Warm summer","Mexico","North America","Temperate"
"l_149",129,18.062,-102.508,157,"Tropical Savannah","Mexico","North America","Tropical"
"l_162",130,19.076,72.878,9,"Tropical Monsoon","India","Asia","Tropical"
"l_150",131,18.16,74.5,555,"Arid Steppe - Hot","India","Asia","Arid"
"l_151",132,18.21208,-70.54086,27,"Tropical Savannah","Dominican Republic","North America","Tropical"
"l_156",133,18.39891,-71.57034,114,"Arid Steppe - Hot","Dominican Republic","North America","Arid"
"l_157",134,18.40128,-71.57128,114,"Arid Steppe - Hot","Dominican Republic","North America","Arid"
"l_158",135,18.56117,-71.69748,180,"Arid Steppe - Hot","Dominican Republic","North America","Arid"
"l_152",137,18.24608,-71.22332,137,"Arid Steppe - Hot","Dominican Republic","North America","Arid"
"l_153",138,18.28333,-78.05611,66,"Tropical Monsoon","Jamaica","North America","Tropical"
"l_154",139,18.31859,-71.57062,510,"Tropical Savannah","Dominican Republic","North America","Tropical"
"l_155",140,18.364,-92.873,4,"Tropical Savannah","Mexico","North America","Tropical"
"l_159",141,18.70156,-70.19733,205,"Tropical Rainforest","Dominican Republic","North America","Tropical"
"l_160",142,18.924,72.824,16,"Tropical Savannah","India","Asia","Tropical"
"l_278",143,33.6663,73.11556,499,"Temperate - Dry winter - Hot summer","Pakistan","Asia","Temperate"
"l_175",144,22.7755,88.34156,10,"Tropical Savannah","India","Asia","Tropical"
"l_180",145,24.72619,90.43538,14,"Temperate - Dry winter - Hot summer","Bangladesh","Asia","Temperate"
"l_161",146,18.95919,-70.40891,210,"Tropical Rainforest","Dominican Republic","North America","Tropical"
"l_163",147,19.124,72.889,30,"Tropical Monsoon","India","Asia","Tropical"
"l_18",136,-1.39,-78.19,1464,"Tropical Rainforest","Ecuador","South America","Tropical"
"l_164",148,19.14,72.91,57,"Tropical Monsoon","India","Asia","Tropical"
"l_196",149,28.72995,115.96723,17,"Temperate - Without dry season - Hot summer","China","Asia","Temperate"
"l_165",150,19.229,-99.102,2396,"Temperate - Dry winter - Warm summer","Mexico","North America","Temperate"
"l_166",151,19.3714,110.6741,7,"Tropical Monsoon","China","Asia","Tropical"
"l_167",152,19.63052,-70.44946,70,"Tropical Rainforest","Dominican Republic","North America","Tropical"
"l_169",153,20.92423,-98.57625,862,"Temperate - Dry winter - Hot summer","Mexico","North America","Temperate"
"l_170",154,21.09746,-98.58874,441,"Temperate - Dry winter - Hot summer","Mexico","North America","Temperate"
"l_171",155,21.437,-157.993,178,"Tropical Savannah","United States of America","North America","Tropical"
"l_19",156,-1.89172,36.30275,687,"Arid Steppe - Hot","Kenya","Africa","Arid"
"l_22",157,-2.00111,36.232,631,"Arid Steppe - Hot","Kenya","Africa","Arid"
"l_172",158,22.47366,88.17393,7,"Tropical Savannah","India","Asia","Tropical"
"l_173",159,22.55,114.53,87,"Temperate - Dry winter - Hot summer","China","Asia","Temperate"
"l_174",160,22.599,88.325,7,"Tropical Savannah","India","Asia","Tropical"
"l_178",162,24.1358676,-110.4262496,15,"Arid Desert - Hot","Mexico","North America","Arid"
"l_179",163,24.60547,118.31815,34,"Temperate - Without dry season - Hot summer","China","Asia","Temperate"
"l_246",74,31.86950499,-116.6647838,46,"Arid Steppe - Cold","Mexico","North America","Arid"
"l_319",164,36.77,35.79,20,"Temperate - Dry summer - Hot summer","Turkey","Asia","Temperate"
"l_334",165,37.26293,27.72495,38,"Temperate - Dry summer - Hot summer","Turkey","Asia","Temperate"
"l_182",166,24.90581,-80.95985,0,"Tropical Savannah","United States of America","North America","Tropical"
"l_184",168,25.73882,-80.16027,8,"Tropical Monsoon","United States of America","North America","Tropical"
"l_185",169,26.0429,-108.84306,64,"Arid Steppe - Hot","Mexico","North America","Arid"
"l_20",170,-10.6514,-77.6723,286,"Arid Desert - Hot","Peru","South America","Arid"
"l_186",171,26.065,-97.158,3,"Arid Steppe - Hot","United States of America","North America","Arid"
"l_497",172,42.81558,-75.54072,419,"Cold - Without dry season - Warm summer","United States of America","North America","Continental"
"l_187",173,26.20284,92.45206,61,"Temperate - Dry winter - Hot summer","India","Asia","Temperate"
"l_188",174,26.20426,127.67457,29,"Temperate - Without dry season - Hot summer","Japan","Asia","Temperate"
"l_189",175,26.30489,89.24213,51,"Temperate - Dry winter - Hot summer","India","Asia","Temperate"
"l_262",176,33.14,-97,166,"Temperate - Without dry season - Hot summer","United States of America","North America","Temperate"
"l_459",177,41.4786,39.87032,0,"Temperate - Without dry season - Hot summer","Turkey","Europe","Temperate"
"l_594",178,49.26,-123.17,43,"Temperate - Without dry season - Warm summer","Canada","North America","Temperate"
"l_707",179,63.42989,10.40059,37,"Cold - Without dry season - Warm summer","Norway","Europe","Continental"
"l_708",180,63.42,10.39,37,"Cold - Without dry season - Warm summer","Norway","Europe","Continental"
"l_709",181,63.44106,10.34833,71,"Cold - Without dry season - Warm summer","Norway","Europe","Continental"
"l_191",182,26.64552,119.63433,73,"Temperate - Without dry season - Hot summer","China","Asia","Temperate"
"l_224",183,30.27958,120.13979,19,"Temperate - Without dry season - Hot summer","China","Asia","Temperate"
"l_194",184,28.337,-96.36,0,"Temperate - Without dry season - Hot summer","United States of America","North America","Temperate"
"l_225",185,30.28,-97.73,162,"Temperate - Without dry season - Hot summer","United States of America","North America","Temperate"
"l_290",186,35.085,-76.033,0,"Temperate - Without dry season - Hot summer","United States of America","North America","Temperate"
"l_197",187,28.78827,-81.7026,24,"Temperate - Without dry season - Hot summer","United States of America","North America","Temperate"
"l_198",188,29.12,-100.71,283,"Arid Steppe - Hot","United States of America","North America","Arid"
"l_199",189,29.2384,91.7644,3611,"Arid Steppe - Cold","China","Asia","Arid"
"l_204",190,29.3666,90.83319,3715,"Cold - Dry winter - Warm summer","China","Asia","Continental"
"l_200",191,29.3092,88.8838,3836,"Cold - Dry winter - Warm summer","China","Asia","Continental"
"l_3",192,-0.27,31.86,1167,"Tropical Savannah","Uganda","Africa","Tropical"
"l_132",193,0.40123,30.53607,1296,"Tropical Savannah","Uganda","Africa","Tropical"
"l_21",194,-18.98333,146.16667,737,"Temperate - Dry winter - Hot summer","Australia","Oceania","Temperate"
"l_105",195,-35.36667,148.81667,1112,"Temperate - Without dry season - Warm summer","Australia","Oceania","Temperate"
"l_201",196,29.34778,90.11172,3987,"Cold - Dry winter - Warm summer","China","Asia","Continental"
"l_202",197,29.36073,79.55266,1477,"Temperate - Dry winter - Hot summer","India","Asia","Temperate"
"l_203",198,29.36664,102.64878,914,"Temperate - Dry winter - Hot summer","China","Asia","Temperate"
"l_235",199,31.03505,103.54543,996,"Temperate - Dry winter - Hot summer","China","Asia","Temperate"
"l_237",200,31.1451,103.85543,886,"Temperate - Dry winter - Hot summer","China","Asia","Temperate"
"l_205",201,29.36748,79.56661,1477,"Temperate - Dry winter - Hot summer","India","Asia","Temperate"
"l_206",202,29.36,79.55,1477,"Temperate - Dry winter - Hot summer","India","Asia","Temperate"
"l_207",203,29.46062,79.47821,1305,"Temperate - Dry winter - Hot summer","India","Asia","Temperate"
"l_208",204,29.48,-81.67,11,"Temperate - Without dry season - Hot summer","United States of America","North America","Temperate"
"l_539",205,45.20547,-63.41853,54,"Cold - Without dry season - Warm summer","Canada","North America","Continental"
"l_209",206,29.5766,103.78014,383,"Temperate - Dry winter - Hot summer","China","Asia","Temperate"
"l_223",207,30.15682,103.73146,444,"Temperate - Dry winter - Hot summer","China","Asia","Temperate"
"l_247",208,32.066,102.989,2749,"Cold - Dry winter - Warm summer","China","Asia","Continental"
"l_210",209,29.61243,106.30553,295,"Temperate - Without dry season - Hot summer","China","Asia","Temperate"
"l_211",210,29.61248,106.30634,295,"Temperate - Without dry season - Hot summer","China","Asia","Temperate"
"l_212",211,29.61303,106.30641,295,"Temperate - Without dry season - Hot summer","China","Asia","Temperate"
"l_221",212,29.97287,106.27583,230,"Temperate - Dry winter - Hot summer","China","Asia","Temperate"
"l_213",213,29.65499,-97.599,113,"Temperate - Without dry season - Hot summer","United States of America","North America","Temperate"
"l_214",214,29.71814,-98.13137,235,"Temperate - Without dry season - Hot summer","United States of America","North America","Temperate"
"l_215",215,29.76279,106.36758,369,"Temperate - Dry winter - Hot summer","China","Asia","Temperate"
"l_240",216,31.309,-99.158,461,"Arid Steppe - Hot","United States of America","North America","Arid"
"l_216",217,29.773,-85.334,0,"Temperate - Without dry season - Hot summer","United States of America","North America","Temperate"
"l_217",218,29.813,106.40582,330,"Temperate - Dry winter - Hot summer","China","Asia","Temperate"
"l_243",220,31.62199,121.58472,4,"Temperate - Without dry season - Hot summer","China","Asia","Temperate"
"l_218",221,29.88516,-100.99359,482,"Arid Steppe - Hot","United States of America","North America","Arid"
"l_219",222,29.89957,-100.99755,482,"Arid Steppe - Hot","United States of America","North America","Arid"
"l_220",223,29.92799,106.57821,529,"Temperate - Dry winter - Hot summer","China","Asia","Temperate"
"l_222",224,30.01484,106.27237,238,"Temperate - Dry winter - Hot summer","China","Asia","Temperate"
"l_226",225,30.406,-87.175,6,"Temperate - Without dry season - Hot summer","United States of America","North America","Temperate"
"l_227",226,30.43,-98.06,231,"Temperate - Without dry season - Hot summer","United States of America","North America","Temperate"
"l_236",227,31.043,-97.427,160,"Temperate - Without dry season - Hot summer","United States of America","North America","Temperate"
"l_239",228,31.168,-98.8,387,"Arid Steppe - Hot","United States of America","North America","Arid"
"l_250",229,32.242,-97.717,221,"Temperate - Without dry season - Hot summer","United States of America","North America","Temperate"
"l_251",230,32.393,-97.792,285,"Temperate - Without dry season - Hot summer","United States of America","North America","Temperate"
"l_253",231,32.752,-97.005,149,"Temperate - Without dry season - Hot summer","United States of America","North America","Temperate"
"l_259",232,32,-97,184,"Temperate - Without dry season - Hot summer","United States of America","North America","Temperate"
"l_276",233,33.605,-95.052,134,"Temperate - Without dry season - Hot summer","United States of America","North America","Temperate"
"l_293",234,35.222,-99.651,580,"Temperate - Without dry season - Hot summer","United States of America","North America","Temperate"
"l_295",235,35.2,-97.5,342,"Temperate - Without dry season - Hot summer","United States of America","North America","Temperate"
"l_296",236,35.409,-94.064,167,"Temperate - Without dry season - Hot summer","United States of America","North America","Temperate"
"l_303",237,35.908,-100.061,719,"Temperate - Without dry season - Hot summer","United States of America","North America","Temperate"
"l_310",238,36.274,-100.089,722,"Arid Steppe - Cold","United States of America","North America","Arid"
"l_320",239,36.802,-114.027,527,"Arid Desert - Hot","United States of America","North America","Arid"
"l_321",240,36.928,-98.748,457,"Temperate - Without dry season - Hot summer","United States of America","North America","Temperate"
"l_337",241,37.439,-97.435,390,"Temperate - Without dry season - Hot summer","United States of America","North America","Temperate"
"l_338",242,37.489,-98.368,512,"Temperate - Without dry season - Hot summer","United States of America","North America","Temperate"
"l_358",243,38.201,-98.499,538,"Cold - Without dry season - Hot summer","United States of America","North America","Continental"
"l_394",244,38.789,-98.07,509,"Cold - Without dry season - Hot summer","United States of America","North America","Continental"
"l_401",245,38.946,-97.998,436,"Cold - Without dry season - Hot summer","United States of America","North America","Continental"
"l_408",246,39.139,-97.651,401,"Cold - Without dry season - Hot summer","United States of America","North America","Continental"
"l_437",247,39,-93,199,"Cold - Without dry season - Hot summer","United States of America","North America","Continental"
"l_229",249,30.54,-87.21,39,"Temperate - Without dry season - Hot summer","United States of America","North America","Temperate"
"l_23",250,-2.21452,-80.95151,9,"Arid Desert - Hot","Ecuador","South America","Arid"
"l_138",251,10.42,-64.19,9,"Tropical Savannah","Venezuela","South America","Tropical"
"l_140",252,10.80114,-61.34806,64,"Tropical Monsoon","Trinidad and Tobago","North America","Tropical"
"l_234",253,30.87747,104.04129,532,"Temperate - Dry winter - Hot summer","China","Asia","Temperate"
"l_496",254,42.7119,-73.20276,297,"Cold - Without dry season - Hot summer","United States of America","North America","Continental"
"l_231",255,30.62,-95.53,105,"Temperate - Without dry season - Hot summer","United States of America","North America","Temperate"
"l_272",256,33.45165,-88.78578,108,"Temperate - Without dry season - Hot summer","United States of America","North America","Temperate"
"l_280",257,33.88442,-96.79885,208,"Temperate - Without dry season - Hot summer","United States of America","North America","Temperate"
"l_324",258,36,-94,417,"Temperate - Without dry season - Hot summer","United States of America","North America","Temperate"
"l_369",259,38.47294,-91.26648,230,"Cold - Without dry season - Hot summer","United States of America","North America","Continental"
"l_377",260,38.56531,-90.27018,138,"Cold - Without dry season - Hot summer","United States of America","North America","Continental"
"l_380",261,38.62272,-90.36333,159,"Cold - Without dry season - Hot summer","United States of America","North America","Continental"
"l_382",262,38.63457,-90.2692,156,"Cold - Without dry season - Hot summer","United States of America","North America","Continental"
"l_385",263,38.70336,-90.38714,200,"Cold - Without dry season - Hot summer","United States of America","North America","Continental"
"l_386",264,38.70347,-90.70552,165,"Cold - Without dry season - Hot summer","United States of America","North America","Continental"
"l_388",265,38.70894,-90.72228,166,"Cold - Without dry season - Hot summer","United States of America","North America","Continental"
"l_390",266,38.71619,-90.80598,185,"Cold - Without dry season - Hot summer","United States of America","North America","Continental"
"l_393",267,38.78455,-90.25093,169,"Cold - Without dry season - Hot summer","United States of America","North America","Continental"
"l_397",268,38.82671,-90.91765,202,"Cold - Without dry season - Hot summer","United States of America","North America","Continental"
"l_404",269,39.02186,-90.91933,177,"Cold - Without dry season - Hot summer","United States of America","North America","Continental"
"l_409",270,39.17368,-91.01071,233,"Cold - Without dry season - Hot summer","United States of America","North America","Continental"
"l_423",271,39.5,-91.5,200,"Cold - Without dry season - Hot summer","United States of America","North America","Continental"
"l_433",272,39.8,-88.9,202,"Cold - Without dry season - Hot summer","United States of America","North America","Continental"
"l_502",273,43.26685,-79.94271,121,"Cold - Without dry season - Hot summer","Canada","North America","Continental"
"l_503",274,43.26701,-79.93022,121,"Cold - Without dry season - Hot summer","Canada","North America","Continental"
"l_232",275,30.78377,-90.2054,69,"Temperate - Without dry season - Hot summer","United States of America","North America","Temperate"
"l_314",276,36.44,-115.36,911,"Arid Desert - Hot","United States of America","North America","Arid"
"l_238",277,31.15,-81.3,0,"Temperate - Without dry season - Hot summer","United States of America","North America","Temperate"
"l_241",278,31.37521,-95.10973,118,"Temperate - Without dry season - Hot summer","United States of America","North America","Temperate"
"l_244",281,31.83376,-8.00106,579,"Arid Steppe - Hot","Morocco","Africa","Arid"
"l_245",282,31.8631,-116.66702,79,"Arid Steppe - Cold","Mexico","North America","Arid"
"l_24",283,-2.27,-78.19,1467,"Tropical Rainforest","Ecuador","South America","Tropical"
"l_269",284,33.23971,-81.77786,44,"Temperate - Without dry season - Hot summer","United States of America","North America","Temperate"
"l_267",285,33.216,-97.134,209,"Temperate - Without dry season - Hot summer","United States of America","North America","Temperate"
"l_500",286,43.25282,-79.76646,75,"Cold - Without dry season - Hot summer","Canada","North America","Continental"
"l_501",287,43.26244,-79.77243,75,"Cold - Without dry season - Hot summer","Canada","North America","Continental"
"l_288",288,34.77,-96.67,306,"Temperate - Without dry season - Hot summer","United States of America","North America","Temperate"
"l_374",289,38.53569,-121.7529,16,"Temperate - Dry summer - Hot summer","United States of America","North America","Temperate"
"l_406",290,39.04502,-89.4005,187,"Cold - Without dry season - Hot summer","United States of America","North America","Continental"
"l_410",291,39.35249,-88.4735,197,"Cold - Without dry season - Hot summer","United States of America","North America","Continental"
"l_509",292,43.4,-89.5,261,"Cold - Without dry season - Hot summer","United States of America","North America","Continental"
"l_266",293,33.208,-97.127,201,"Temperate - Without dry season - Hot summer","United States of America","North America","Temperate"
"l_440",294,40.10895,-88.22443,226,"Cold - Without dry season - Hot summer","United States of America","North America","Continental"
"l_476",295,42.29,-85.59,269,"Cold - Without dry season - Hot summer","United States of America","North America","Continental"
"l_558",296,46.1525,-95.60855,431,"Cold - Without dry season - Warm summer","United States of America","North America","Continental"
"l_249",297,32.23,110.95,941,"Temperate - Dry winter - Hot summer","China","Asia","Temperate"
"l_498",298,42.86,-109.86,2188,"Arid Steppe - Cold","United States of America","North America","Arid"
"l_254",299,32.78,-117.23,4,"Arid Steppe - Cold","United States of America","North America","Arid"
"l_255",300,32.8655,-98.21368,289,"Temperate - Without dry season - Hot summer","United States of America","North America","Temperate"
"l_25",301,-2.64,-78.695,3083,"Temperate - Without dry season - Warm summer","Ecuador","South America","Temperate"
"l_256",302,32.869,-117.254,67,"Arid Steppe - Cold","United States of America","North America","Arid"
"l_257",303,32.886,-84.676,282,"Temperate - Without dry season - Hot summer","United States of America","North America","Temperate"
"l_540",304,45.3083,-66.0863,15,"Cold - Without dry season - Warm summer","Canada","North America","Continental"
"l_542",305,45.391,-66.188,33,"Cold - Without dry season - Warm summer","Canada","North America","Continental"
"l_435",306,39,-91,172,"Cold - Without dry season - Hot summer","United States of America","North America","Continental"
"l_260",307,33.11413,-81.6289,40,"Temperate - Without dry season - Hot summer","United States of America","North America","Temperate"
"l_261",308,33.13005,-117.15867,217,"Arid Steppe - Hot","United States of America","North America","Arid"
"l_263",309,33.164,-100.967,704,"Arid Steppe - Cold","United States of America","North America","Arid"
"l_26",310,-2.86,-59.14,24,"Tropical Rainforest","Brazil","South America","Tropical"
"l_264",311,33.17724,-85.60282,252,"Temperate - Without dry season - Hot summer","United States of America","North America","Temperate"
"l_265",312,33.19,-81.75,47,"Temperate - Without dry season - Hot summer","United States of America","North America","Temperate"
"l_268",313,33.219,-97.133,209,"Temperate - Without dry season - Hot summer","United States of America","North America","Temperate"
"l_27",314,-2.88333,-59.96667,84,"Tropical Rainforest","Brazil","South America","Tropical"
"l_28",315,-2.88,-59.96,84,"Tropical Rainforest","Brazil","South America","Tropical"
"l_270",316,33.34463,-81.73461,111,"Temperate - Without dry season - Hot summer","United States of America","North America","Temperate"
"l_271",317,33.4231,-111.92783,362,"Arid Desert - Hot","United States of America","North America","Arid"
"l_273",318,33.5,-108.5,2398,"Cold - Without dry season - Warm summer","United States of America","North America","Continental"
"l_274",319,33.5,-81.7,138,"Temperate - Without dry season - Hot summer","United States of America","North America","Temperate"
"l_275",320,33.6037,-85.92606,198,"Temperate - Without dry season - Hot summer","United States of America","North America","Temperate"
"l_277",321,33.61159,133.62393,110,"Temperate - Without dry season - Hot summer","Japan","Asia","Temperate"
"l_279",322,33.667,-117.784,50,"Arid Steppe - Cold","United States of America","North America","Arid"
"l_670",323,54.38,-2.91,192,"Temperate - Without dry season - Warm summer","United Kingdom","Europe","Temperate"
"l_679",325,55.53049,9.57658,24,"Temperate - Without dry season - Warm summer","Denmark","Europe","Temperate"
"l_492",326,42.592,-72.5794,84,"Cold - Without dry season - Hot summer","United States of America","North America","Continental"
"l_544",327,45.4189,-78.4176,472,"Cold - Without dry season - Warm summer","Canada","North America","Continental"
"l_552",328,45.79154,-78.21196,436,"Cold - Without dry season - Warm summer","Canada","North America","Continental"
"l_556",329,45.89842,-64.37335,7,"Cold - Without dry season - Warm summer","Canada","North America","Continental"
"l_588",330,48.4531,-68.51303,61,"Cold - Without dry season - Warm summer","Canada","North America","Continental"
"l_283",331,34.40228,-86.20597,257,"Temperate - Without dry season - Hot summer","United States of America","North America","Temperate"
"l_294",333,35.2724,-81.01146,201,"Temperate - Without dry season - Hot summer","United States of America","North America","Temperate"
"l_298",334,35.67167,-80.93251,263,"Temperate - Without dry season - Hot summer","United States of America","North America","Temperate"
"l_301",335,35.88541,-84.30181,285,"Temperate - Without dry season - Hot summer","United States of America","North America","Temperate"
"l_284",337,34.43799,-84.17633,428,"Temperate - Without dry season - Hot summer","United States of America","North America","Temperate"
"l_521",338,43,-78.5,251,"Cold - Without dry season - Warm summer","United States of America","North America","Continental"
"l_285",339,34.4,-118.5,489,"Temperate - Dry summer - Hot summer","United States of America","North America","Temperate"
"l_591",340,48.82028,-125.14942,40,"Temperate - Without dry season - Warm summer","Canada","North America","Temperate"
"l_596",341,49.63139,-124.03035,105,"Temperate - Without dry season - Warm summer","Canada","North America","Temperate"
"l_597",342,49.64091,-124.05019,92,"Temperate - Without dry season - Warm summer","Canada","North America","Temperate"
"l_598",343,49.72576,-123.96885,122,"Temperate - Without dry season - Warm summer","Canada","North America","Temperate"
"l_689",344,58.14,11.26,0,"Cold - Without dry season - Warm summer","Sweden","Europe","Continental"
"l_697",345,60.28885,25.54026,3,"Cold - Without dry season - Warm summer","Finland","Europe","Continental"
"l_699",346,60.37032,26.34605,0,"Cold - Without dry season - Warm summer","Finland","Europe","Continental"
"l_702",347,60.49037,26.9445,2,"Cold - Without dry season - Warm summer","Finland","Europe","Continental"
"l_704",348,60.95123,21.43683,12,"Cold - Without dry season - Warm summer","Finland","Europe","Continental"
"l_705",349,61.23323,21.4398,2,"Cold - Without dry season - Warm summer","Finland","Europe","Continental"
"l_706",350,61.57843,21.54128,10,"Cold - Without dry season - Warm summer","Finland","Europe","Continental"
"l_720",351,71.3,-156.76,4,"Polar Tundra","United States of America","North America","Polar"
"l_286",352,34.52112,-84.86456,220,"Temperate - Without dry season - Hot summer","United States of America","North America","Temperate"
"l_287",353,34.68579,-84.74926,244,"Temperate - Without dry season - Hot summer","United States of America","North America","Temperate"
"l_342",354,37.64671,-91.19434,353,"Temperate - Without dry season - Hot summer","United States of America","North America","Temperate"
"l_346",355,37.76476,-91.07159,314,"Temperate - Without dry season - Hot summer","United States of America","North America","Temperate"
"l_349",356,37.86426,-90.5039,250,"Temperate - Without dry season - Hot summer","United States of America","North America","Temperate"
"l_350",357,37.97635,-91.34263,245,"Temperate - Without dry season - Hot summer","United States of America","North America","Temperate"
"l_352",358,38.10852,-91.61996,282,"Temperate - Without dry season - Hot summer","United States of America","North America","Temperate"
"l_356",359,38.19267,-91.44263,260,"Temperate - Without dry season - Hot summer","United States of America","North America","Temperate"
"l_364",360,38.32494,-91.15519,224,"Temperate - Without dry season - Hot summer","United States of America","North America","Temperate"
"l_371",361,38.52202,-90.32,157,"Temperate - Without dry season - Hot summer","United States of America","North America","Temperate"
"l_378",362,38.59281,-90.51974,181,"Cold - Without dry season - Hot summer","United States of America","North America","Continental"
"l_379",363,38.61512,-90.37605,183,"Cold - Without dry season - Hot summer","United States of America","North America","Continental"
"l_381",364,38.62959,-90.38456,178,"Cold - Without dry season - Hot summer","United States of America","North America","Continental"
"l_415",365,39.42,-84.736,258,"Cold - Without dry season - Hot summer","United States of America","North America","Continental"
"l_421",366,39.517,-84.71,264,"Cold - Without dry season - Hot summer","United States of America","North America","Continental"
"l_403",367,38,-92,241,"Temperate - Without dry season - Hot summer","United States of America","North America","Temperate"
"l_4",368,-0.282639328,-78.44450875,2620,"Temperate - Dry summer - Warm summer","Ecuador","South America","Temperate"
"l_441",369,40.19997,-87.73447,203,"Cold - Without dry season - Hot summer","United States of America","North America","Continental"
"l_366",370,38.38777,-122.33742,54,"Temperate - Dry summer - Hot summer","United States of America","North America","Temperate"
"l_396",371,38.7,-91.9,202,"Cold - Without dry season - Hot summer","United States of America","North America","Continental"
"l_413",372,39.3,-84.6,204,"Cold - Without dry season - Hot summer","United States of America","North America","Continental"
"l_292",373,35.19892,-97.44494,350,"Temperate - Without dry season - Hot summer","United States of America","North America","Temperate"
"l_297",374,35.63289,-84.24722,269,"Temperate - Without dry season - Hot summer","United States of America","North America","Temperate"
"l_339",375,37.49733,-90.18818,227,"Temperate - Without dry season - Hot summer","United States of America","North America","Temperate"
"l_299",376,35.78751,-78.68089,116,"Temperate - Without dry season - Hot summer","United States of America","North America","Temperate"
"l_460",377,41.49583,-77.50221,441,"Cold - Without dry season - Warm summer","United States of America","North America","Continental"
"l_300",378,35.79633,-78.67392,123,"Temperate - Without dry season - Hot summer","United States of America","North America","Temperate"
"l_302",379,35.88,-114.68,355,"Arid Desert - Hot","United States of America","North America","Arid"
"l_304",380,35.9,-117.7,748,"Arid Desert - Hot","United States of America","North America","Arid"
"l_306",381,36.092,140.667,0,"Temperate - Without dry season - Hot summer","Japan","Asia","Temperate"
"l_307",382,36.19882,-84.04623,309,"Temperate - Without dry season - Hot summer","United States of America","North America","Temperate"
"l_308",383,36.22,-94.67,329,"Temperate - Without dry season - Hot summer","United States of America","North America","Temperate"
"l_309",384,36.243,-116.857,-81,"Arid Desert - Hot","United States of America","North America","Arid"
"l_312",387,36.43,-5.42,80,"Temperate - Dry summer - Hot summer","Spain","Europe","Temperate"
"l_313",388,36.43,-5.45,80,"Temperate - Dry summer - Hot summer","Spain","Europe","Temperate"
"l_315",389,36.55013,-92.34457,230,"Temperate - Without dry season - Hot summer","United States of America","North America","Temperate"
"l_316",390,36.5,-120,61,"Arid Steppe - Hot","United States of America","North America","Arid"
"l_317",391,36.76,35.79,20,"Temperate - Dry summer - Hot summer","Turkey","Asia","Temperate"
"l_318",392,36.77722,35.79295,30,"Temperate - Dry summer - Hot summer","Turkey","Asia","Temperate"
"l_395",393,38.7,-9.386,31,"Temperate - Dry summer - Hot summer","Portugal","Europe","Temperate"
"l_402",394,38,-9,0,"Temperate - Dry summer - Hot summer","Portugal","Europe","Temperate"
"l_322",395,36.94093,-92.56684,333,"Temperate - Without dry season - Hot summer","United States of America","North America","Temperate"
"l_323",396,36.95,-6.43,8,"Temperate - Dry summer - Hot summer","Spain","Europe","Temperate"
"l_325",397,37.05203,-3.3457,2810,"Cold - Dry summer - Cold summer","Spain","Europe","Continental"
"l_327",398,37.14305,-80.54616,563,"Temperate - Without dry season - Hot summer","United States of America","North America","Temperate"
"l_328",399,37.16,-76.5,16,"Temperate - Without dry season - Hot summer","United States of America","North America","Temperate"
"l_427",400,39.80872,-74.18437,6,"Temperate - Without dry season - Hot summer","United States of America","North America","Temperate"
"l_428",401,39.81739,-74.18159,6,"Temperate - Without dry season - Hot summer","United States of America","North America","Temperate"
"l_439",402,40.05001,-74.06803,4,"Temperate - Without dry season - Hot summer","United States of America","North America","Temperate"
"l_329",403,37.16,122.48,9,"Cold - Dry winter - Hot summer","China","Asia","Continental"
"l_330",404,37.204,-7.324,4,"Temperate - Dry summer - Hot summer","Spain","Europe","Temperate"
"l_331",404,37.204,-7.324,4,"Temperate - Dry summer - Hot summer","Spain","Europe","Temperate"
"l_332",405,37.22476,-80.42968,624,"Temperate - Without dry season - Hot summer","United States of America","North America","Temperate"
"l_418",406,39.511,-84.73169,264,"Cold - Without dry season - Hot summer","United States of America","North America","Continental"
"l_550",407,45.77053,4.72484,275,"Temperate - Without dry season - Warm summer","France","Europe","Temperate"
"l_333",408,37.23475,100.20193,3211,"Cold - Dry winter - Cold summer","China","Asia","Continental"
"l_340",409,37.63,-1.36,119,"Arid Desert - Hot","Spain","Europe","Arid"
"l_341",410,37.64069,-86.19785,208,"Temperate - Without dry season - Hot summer","United States of America","North America","Temperate"
"l_343",411,37.6,-0.73,36,"Arid Desert - Hot","Spain","Europe","Arid"
"l_344",412,37.71054,-89.22159,127,"Temperate - Without dry season - Hot summer","United States of America","North America","Temperate"
"l_517",413,43.82282,-79.09734,88,"Cold - Without dry season - Warm summer","Canada","North America","Continental"
"l_347",414,37.8157,-121.55932,5,"Arid Steppe - Cold","United States of America","North America","Arid"
"l_348",415,37.8342,-92.83976,287,"Temperate - Without dry season - Hot summer","United States of America","North America","Temperate"
"l_351",416,38.064,-121.845,0,"Temperate - Dry summer - Warm summer","United States of America","North America","Temperate"
"l_376",417,38.53,-121.75,12,"Temperate - Dry summer - Hot summer","United States of America","North America","Temperate"
"l_353",418,38.135,-1.137,169,"Arid Desert - Hot","Spain","Europe","Arid"
"l_354",419,38.14,-121.58,-5,"Temperate - Dry summer - Hot summer","United States of America","North America","Temperate"
"l_357",420,38.19,-122.06,1,"Temperate - Dry summer - Hot summer","United States of America","North America","Temperate"
"l_355",421,38.15,-122.05,-1,"Temperate - Dry summer - Hot summer","United States of America","North America","Temperate"
"l_360",423,38.25,-1.73,378,"Arid Steppe - Cold","Spain","Europe","Arid"
"l_362",425,38.29,-8.53,63,"Temperate - Dry summer - Hot summer","Portugal","Europe","Temperate"
"l_367",426,38.41,-9.21,0,"Temperate - Dry summer - Hot summer","Portugal","Europe","Temperate"
"l_387",427,38.706,-9.483,30,"Temperate - Dry summer - Warm summer","Portugal","Europe","Temperate"
"l_363",428,38.31979,-84.82665,208,"Temperate - Without dry season - Hot summer","United States of America","North America","Temperate"
"l_365",429,38.33,-1.65,441,"Arid Steppe - Cold","Spain","Europe","Arid"
"l_609",430,50.35,-4.18,48,"Temperate - Without dry season - Warm summer","United Kingdom","Europe","Temperate"
"l_370",431,38.485,-8.888,6,"Temperate - Dry summer - Hot summer","Portugal","Europe","Temperate"
"l_389",432,38.709,-9.486,52,"Temperate - Dry summer - Hot summer","Portugal","Europe","Temperate"
"l_391",433,38.71,-9.486,52,"Temperate - Dry summer - Hot summer","Portugal","Europe","Temperate"
"l_608",434,50.35699,-4.12644,10,"Temperate - Without dry season - Warm summer","United Kingdom","Europe","Temperate"
"l_368",435,38.44,-4.23,1044,"Temperate - Dry summer - Hot summer","Spain","Europe","Temperate"
"l_373",436,38.53258,-0.43679,393,"Arid Steppe - Cold","Spain","Europe","Arid"
"l_399",437,38.87,0.08,13,"Arid Steppe - Hot","Spain","Europe","Arid"
"l_506",438,43.3518,-8.65492,,"Temperate - Dry summer - Warm summer","Spain","Europe","Temperate"
"l_511",439,43.60851,5.28738,198,"Temperate - Dry summer - Hot summer","France","Europe","Temperate"
"l_686",440,57.23333,12.13333,8,"Temperate - Without dry season - Warm summer","Sweden","Europe","Temperate"
"l_383",441,38.63854,-108.19496,1703,"Arid Desert - Cold","United States of America","North America","Arid"
"l_384",442,38.65161,39.4866,820,"Temperate - Dry summer - Hot summer","Turkey","Asia","Temperate"
"l_5",443,-0.28693,-78.11536,3873,"Polar Tundra","Ecuador","South America","Polar"
"l_6",444,-0.34656,-78.19978,3886,"Polar Tundra","Ecuador","South America","Polar"
"l_11",445,-0.37674,-78.17108,3741,"Polar Tundra","Ecuador","South America","Polar"
"l_673",446,54.689,-1.195,6,"Temperate - Without dry season - Warm summer","United Kingdom","Europe","Temperate"
"l_680",447,55.75,2.05,0,"Temperate - Without dry season - Warm summer","United Kingdom","Europe","Temperate"
"l_392",448,38.727,-121.118,154,"Temperate - Dry summer - Hot summer","United States of America","North America","Temperate"
"l_398",449,38.834,-1.4562,886,"Arid Steppe - Cold","Spain","Europe","Arid"
"l_29",450,-20.35406,-40.29919,5,"Tropical Monsoon","Brazil","South America","Tropical"
"l_424",451,39.654,-84.641,287,"Cold - Without dry season - Hot summer","United States of America","North America","Continental"
"l_479",452,42.3241,-85.3584,258,"Cold - Without dry season - Hot summer","United States of America","North America","Continental"
"l_480",453,42.3541,-85.2492,262,"Cold - Without dry season - Hot summer","United States of America","North America","Continental"
"l_481",454,42.3623,-85.2359,262,"Cold - Without dry season - Hot summer","United States of America","North America","Continental"
"l_482",455,42.3633,-85.3533,270,"Cold - Without dry season - Hot summer","United States of America","North America","Continental"
"l_483",456,42.3686,-85.4037,274,"Cold - Without dry season - Hot summer","United States of America","North America","Continental"
"l_485",457,42.4063,-85.4041,278,"Cold - Without dry season - Hot summer","United States of America","North America","Continental"
"l_486",458,42.4176,-85.3524,285,"Cold - Without dry season - Hot summer","United States of America","North America","Continental"
"l_487",459,42.4268,-85.4281,286,"Cold - Without dry season - Hot summer","United States of America","North America","Continental"
"l_419",460,39.514,-84.713,264,"Cold - Without dry season - Hot summer","United States of America","North America","Continental"
"l_420",460,39.514,-84.713,264,"Cold - Without dry season - Hot summer","United States of America","North America","Continental"
"l_405",461,39.03188,-87.9362,149,"Cold - Without dry season - Hot summer","United States of America","North America","Continental"
"l_417",462,39.49369,-88.18128,204,"Cold - Without dry season - Hot summer","United States of America","North America","Continental"
"l_472",463,42.08837,-88.27989,248,"Cold - Without dry season - Hot summer","United States of America","North America","Continental"
"l_526",464,44.073,-88.638,231,"Cold - Without dry season - Hot summer","United States of America","North America","Continental"
"l_546",465,45.53712,-90.71048,418,"Cold - Without dry season - Warm summer","United States of America","North America","Continental"
"l_547",466,45.53765,-90.78228,413,"Cold - Without dry season - Warm summer","United States of America","North America","Continental"
"l_30",467,-21.98037,-47.87779,855,"Temperate - Dry winter - Hot summer","Brazil","South America","Temperate"
"l_31",468,-22.01,-47.89,841,"Temperate - Dry winter - Hot summer","Brazil","South America","Temperate"
"l_181",469,24.72667,90.43555,14,"Temperate - Dry winter - Hot summer","Bangladesh","Asia","Temperate"
"l_281",470,33.9009,9.72272,58,"Arid Desert - Hot","Tunisia","Africa","Arid"
"l_407",471,39.11,-104.18,1884,"Arid Steppe - Cold","United States of America","North America","Arid"
"l_411",472,39.35964,-76.57379,84,"Temperate - Without dry season - Hot summer","United States of America","North America","Temperate"
"l_412",473,39.3,-84.38,233,"Cold - Without dry season - Hot summer","United States of America","North America","Continental"
"l_414",474,39.423,-84.738,258,"Cold - Without dry season - Hot summer","United States of America","North America","Continental"
"l_451",475,40.7639,-81.7074,334,"Cold - Without dry season - Hot summer","United States of America","North America","Continental"
"l_416",476,39.45806,-121.63408,35,"Temperate - Dry summer - Hot summer","United States of America","North America","Temperate"
"l_429",477,39.84801,-121.39409,858,"Temperate - Dry summer - Hot summer","United States of America","North America","Temperate"
"l_475",478,42.27123,-83.67117,251,"Cold - Without dry season - Hot summer","United States of America","North America","Continental"
"l_518",479,43.83407,-79.22102,170,"Cold - Without dry season - Warm summer","Canada","North America","Continental"
"l_425",480,39.73825,-123.63022,572,"Temperate - Dry summer - Warm summer","United States of America","North America","Temperate"
"l_426",481,39.78,2.74,263,"Temperate - Dry summer - Hot summer","Spain","Europe","Temperate"
"l_430",482,39.86512,-75.81775,127,"Temperate - Without dry season - Hot summer","United States of America","North America","Temperate"
"l_653",484,52.35184,-1.96303,157,"Temperate - Without dry season - Warm summer","United Kingdom","Europe","Temperate"
"l_431",485,39.86,-75.78,123,"Temperate - Without dry season - Hot summer","United States of America","North America","Temperate"
"l_434",486,39.95834,116.28519,53,"Cold - Dry winter - Hot summer","China","Asia","Continental"
"l_32",487,-22.059,-47.403,629,"Tropical Savannah","Brazil","South America","Tropical"
"l_233",488,30.83367,120.08997,8,"Temperate - Without dry season - Hot summer","China","Asia","Temperate"
"l_436",489,39,-92.5,234,"Cold - Without dry season - Hot summer","United States of America","North America","Continental"
"l_493",490,42.594,-78.471,441,"Cold - Without dry season - Warm summer","United States of America","North America","Continental"
"l_438",491,4.634627762,-74.07994166,2657,"Temperate - Without dry season - Warm summer","Colombia","South America","Temperate"
"l_444",493,40.52,-104.98,1479,"Arid Steppe - Cold","United States of America","North America","Arid"
"l_445",494,40.55316,-82.65555,397,"Cold - Without dry season - Hot summer","United States of America","North America","Continental"
"l_560",496,46.20129,-84.07469,180,"Cold - Without dry season - Warm summer","United States of America","North America","Continental"
"l_33",497,-22.53,27.19,914,"Arid Steppe - Hot","Botswana","Africa","Arid"
"l_446",498,40.62348,-105.708,3294,"Cold - Without dry season - Cold summer","United States of America","North America","Continental"
"l_453",499,40.81334,-105.70882,3014,"Cold - Without dry season - Cold summer","United States of America","North America","Continental"
"l_465",500,41.74813,-111.73627,2253,"Arid Steppe - Cold","United States of America","North America","Arid"
"l_448",501,40.70346,-105.5847,2501,"Arid Steppe - Cold","United States of America","North America","Arid"
"l_447",502,40.69997,-105.44149,2119,"Arid Steppe - Cold","United States of America","North America","Arid"
"l_454",503,40.92772,-105.6744,2657,"Cold - Without dry season - Warm summer","United States of America","North America","Continental"
"l_568",504,46.56049,-113.70487,1566,"Arid Steppe - Cold","United States of America","North America","Arid"
"l_34",505,-22.57,28.32,750,"Arid Desert - Hot","Botswana","Africa","Arid"
"l_450",506,40.7227,81.73201,996,"Arid Desert - Cold","China","Asia","Arid"
"l_35",507,-22.59614,27.12125,961,"Arid Steppe - Hot","Botswana","Africa","Arid"
"l_455",508,40.98,-3.81,1646,"Temperate - Dry summer - Warm summer","Spain","Europe","Temperate"
"l_456",509,40,-74,0,"Temperate - Without dry season - Hot summer","United States of America","North America","Temperate"
"l_457",510,41.27464,-73.94651,29,"Cold - Without dry season - Hot summer","United States of America","North America","Continental"
"l_587",511,48.38095,2.85144,97,"Temperate - Without dry season - Warm summer","France","Europe","Temperate"
"l_36",512,-22.59878,27.131,0,"Temperate - Without dry season - Hot summer","Botswana","Africa","Temperate"
"l_461",513,41.53,-124.05,134,"Temperate - Dry summer - Warm summer","United States of America","North America","Temperate"
"l_462",514,41.58808,-80.24164,368,"Cold - Without dry season - Warm summer","United States of America","North America","Continental"
"l_463",515,41.58834,-80.24473,368,"Cold - Without dry season - Warm summer","United States of America","North America","Continental"
"l_464",516,41.68572,-80.51341,324,"Cold - Without dry season - Warm summer","United States of America","North America","Continental"
"l_600",517,49.80745,-97.13635,232,"Cold - Without dry season - Warm summer","Canada","North America","Continental"
"l_621",518,50.83,4.65,45,"Temperate - Without dry season - Warm summer","Belgium","Europe","Temperate"
"l_658",519,52.90181,1.25312,55,"Temperate - Without dry season - Warm summer","United Kingdom","Europe","Temperate"
"l_37",520,-22.59,27.11,961,"Arid Steppe - Hot","Botswana","Africa","Arid"
"l_623",521,50.88004,4.71274,33,"Temperate - Without dry season - Warm summer","Belgium","Europe","Temperate"
"l_631",522,51.1,-1.186,85,"Temperate - Without dry season - Warm summer","United Kingdom","Europe","Temperate"
"l_575",523,46.8548,-92.00524,287,"Cold - Without dry season - Warm summer","United States of America","North America","Continental"
"l_7",524,-0.36717,31.87333,1158,"Tropical Savannah","Uganda","Africa","Tropical"
"l_130",525,0.02931,32.46115,1134,"Tropical Rainforest","Uganda","Africa","Tropical"
"l_38",526,-22.82,-43.17,24,"Tropical Savannah","Brazil","South America","Tropical"
"l_41",527,-22.93,-43.15,-28,"Tropical Savannah","Brazil","South America","Tropical"
"l_39",528,-22.87111,27.79519,838,"Arid Desert - Hot","Botswana","Africa","Arid"
"l_40",529,-22.87,27.79,835,"Arid Desert - Hot","Botswana","Africa","Arid"
"l_466",530,41.78488,-111.88519,1349,"Arid Steppe - Cold","United States of America","North America","Arid"
"l_467",531,41.78,9.08,869,"Temperate - Dry summer - Warm summer","France","Europe","Temperate"
"l_469",532,42.026,-82.741,177,"Cold - Without dry season - Hot summer","Canada","North America","Continental"
"l_471",533,42.06259,-80.12258,305,"Cold - Without dry season - Warm summer","United States of America","North America","Continental"
"l_508",534,43.3,-79.845,113,"Cold - Without dry season - Hot summer","Canada","North America","Continental"
"l_541",535,45.319,-73.927,42,"Cold - Without dry season - Warm summer","Canada","North America","Continental"
"l_557",536,46.051,-73.089,7,"Cold - Without dry season - Warm summer","Canada","North America","Continental"
"l_674",537,54.70021,11.85004,3,"Temperate - Without dry season - Warm summer","Denmark","Europe","Temperate"
"l_470",538,42.04,23.15,645,"Temperate - Without dry season - Hot summer","Bulgaria","Europe","Temperate"
"l_474",539,42.193,-79.45,407,"Cold - Without dry season - Warm summer","United States of America","North America","Continental"
"l_477",540,42.2,-86.7,175,"Cold - Without dry season - Hot summer","United States of America","North America","Continental"
"l_478",541,42.31,-3.72,910,"Temperate - Dry summer - Warm summer","Spain","Europe","Temperate"
"l_484",542,42.39,9.19,414,"Temperate - Dry summer - Hot summer","France","Europe","Temperate"
"l_488",543,42.45834,-84.01144,282,"Cold - Without dry season - Hot summer","United States of America","North America","Continental"
"l_489",544,42.4,-87.8,182,"Cold - Without dry season - Hot summer","United States of America","North America","Continental"
"l_490",545,42.57932,-85.89491,214,"Cold - Without dry season - Warm summer","United States of America","North America","Continental"
"l_527",546,44.08333,-86.11667,224,"Cold - Without dry season - Warm summer","United States of America","North America","Continental"
"l_528",547,44.11667,-86.2,223,"Cold - Without dry season - Warm summer","United States of America","North America","Continental"
"l_491",548,42.58766,-72.5791,84,"Cold - Without dry season - Hot summer","United States of America","North America","Continental"
"l_494",549,42.64454,-81.70647,208,"Cold - Without dry season - Hot summer","Canada","North America","Continental"
"l_499",550,43.11075,-80.24529,204,"Cold - Without dry season - Warm summer","Canada","North America","Continental"
"l_495",551,42.67169,-74.49819,331,"Cold - Without dry season - Warm summer","United States of America","North America","Continental"
"l_504",552,43.2925,5.35417,12,"Arid Steppe - Cold","France","Europe","Arid"
"l_505",553,43.2925,5.62694,474,"Temperate - Dry summer - Hot summer","France","Europe","Temperate"
"l_543",554,45.41667,4.75,176,"Temperate - Without dry season - Hot summer","France","Europe","Temperate"
"l_553",555,45.82639,5.10639,195,"Temperate - Without dry season - Hot summer","France","Europe","Temperate"
"l_554",556,45.835,5.23083,213,"Temperate - Without dry season - Hot summer","France","Europe","Temperate"
"l_638",557,51.73333,5.98333,20,"Temperate - Without dry season - Warm summer","Netherlands","Europe","Temperate"
"l_646",558,51.85,5.8,9,"Temperate - Without dry season - Warm summer","Netherlands","Europe","Temperate"
"l_650",559,51.92,6.67,38,"Temperate - Without dry season - Warm summer","Germany","Europe","Temperate"
"l_507",560,43.3,-124.4,94,"Temperate - Dry summer - Warm summer","United States of America","North America","Temperate"
"l_42",561,-23.49,-45.25,654,"Temperate - Without dry season - Hot summer","Brazil","South America","Temperate"
"l_43",562,-23.585,-45.238,86,"Temperate - Dry winter - Hot summer","Brazil","South America","Temperate"
"l_44",563,-23.8,-45.4,29,"Temperate - Dry winter - Hot summer","Brazil","South America","Temperate"
"l_512",565,43.62723,-84.709,228,"Cold - Without dry season - Warm summer","United States of America","North America","Continental"
"l_569",566,46.56363,-65.03285,16,"Cold - Without dry season - Warm summer","Canada","North America","Continental"
"l_513",567,43.666,-110.961,2681,"Cold - Without dry season - Cold summer","United States of America","North America","Continental"
"l_514",568,43.725,-110.796,3277,"Cold - Without dry season - Cold summer","United States of America","North America","Continental"
"l_515",569,43.786,-110.8,2799,"Cold - Without dry season - Cold summer","United States of America","North America","Continental"
"l_516",570,43.791,-110.785,2802,"Cold - Without dry season - Cold summer","United States of America","North America","Continental"
"l_519",571,43.84,-110.755,2709,"Cold - Without dry season - Cold summer","United States of America","North America","Continental"
"l_520",572,43.93,7.18,514,"Temperate - Dry summer - Hot summer","France","Europe","Temperate"
"l_522",573,44.02,-85.63,351,"Cold - Without dry season - Warm summer","United States of America","North America","Continental"
"l_523",574,44.02,85.63,1131,"Arid Steppe - Cold","China","Asia","Arid"
"l_524",575,44.04,-85.66,351,"Cold - Without dry season - Warm summer","United States of America","North America","Continental"
"l_525",576,44.05,-76.2,80,"Cold - Without dry season - Hot summer","United States of America","North America","Continental"
"l_531",577,44.4788,-73.1987,85,"Cold - Without dry season - Warm summer","United States of America","North America","Continental"
"l_576",578,46.85,-90.55,180,"Cold - Without dry season - Warm summer","United States of America","North America","Continental"
"l_529",579,44.1647,-122.0154,875,"Temperate - Dry summer - Warm summer","United States of America","North America","Temperate"
"l_530",580,44.404,-123.7536,308,"Temperate - Dry summer - Warm summer","United States of America","North America","Temperate"
"l_533",581,44.49841,-121.9837,1174,"Cold - Dry summer - Warm summer","United States of America","North America","Continental"
"l_536",582,44.7206,-123.7117,172,"Temperate - Dry summer - Warm summer","United States of America","North America","Temperate"
"l_532",583,44.48435,-80.23296,202,"Cold - Without dry season - Warm summer","Canada","North America","Continental"
"l_534",584,44.51719,-80.27731,183,"Cold - Without dry season - Warm summer","Canada","North America","Continental"
"l_561",585,46.23886,-91.78563,328,"Cold - Without dry season - Warm summer","United States of America","North America","Continental"
"l_537",587,44,7.43,1643,"Cold - Without dry season - Cold summer","France","Europe","Continental"
"l_538",588,45.0846,-67.08,40,"Cold - Without dry season - Warm summer","Canada","North America","Continental"
"l_580",589,47.62495,-52.66268,65,"Cold - Without dry season - Cold summer","Canada","North America","Continental"
"l_671",590,54.479,-1.185,74,"Temperate - Without dry season - Warm summer","United Kingdom","Europe","Temperate"
"l_676",591,54,-3,0,"Temperate - Without dry season - Warm summer","United Kingdom","Europe","Temperate"
"l_607",592,50.35358,7.5985,108,"Temperate - Without dry season - Warm summer","Germany","Europe","Temperate"
"l_637",593,51.73333,5.96667,20,"Temperate - Without dry season - Warm summer","Netherlands","Europe","Temperate"
"l_643",594,51.81667,5.95,52,"Temperate - Without dry season - Warm summer","Netherlands","Europe","Temperate"
"l_647",595,51.85,5.88,15,"Temperate - Without dry season - Warm summer","Netherlands","Europe","Temperate"
"l_548",596,45.557,-92.393,369,"Cold - Without dry season - Warm summer","United States of America","North America","Continental"
"l_549",597,45.655,-112.905,2319,"Cold - Without dry season - Cold summer","United States of America","North America","Continental"
"l_551",598,45.78754,5.30728,357,"Temperate - Without dry season - Warm summer","France","Europe","Temperate"
"l_562",602,46.244,-119.236,134,"Arid Desert - Cold","United States of America","North America","Arid"
"l_565",604,46.40635,10.6957,1912,"Cold - Without dry season - Cold summer","Italy","Europe","Continental"
"l_564",605,46.40333,7.44736,1985,"Cold - Without dry season - Cold summer","Switzerland","Europe","Continental"
"l_578",606,47.47522,7.49303,491,"Temperate - Without dry season - Warm summer","Switzerland","Europe","Temperate"
"l_581",607,47.90764,7.88733,1103,"Cold - Without dry season - Warm summer","Germany","Europe","Continental"
"l_566",608,46.44757,-92.75969,330,"Cold - Without dry season - Warm summer","United States of America","North America","Continental"
"l_570",611,46.69803,-113.66952,1371,"Arid Steppe - Cold","United States of America","North America","Arid"
"l_573",612,46.72162,-113.68191,1230,"Arid Steppe - Cold","United States of America","North America","Arid"
"l_577",613,46.94863,-114.20777,947,"Arid Steppe - Cold","United States of America","North America","Arid"
"l_8",614,-0.36934,31.73635,1243,"Tropical Savannah","Uganda","Africa","Tropical"
"l_14",615,-0.61514,31.10026,1245,"Tropical Savannah","Uganda","Africa","Tropical"
"l_133",616,0.91806,32.17298,1080,"Tropical Savannah","Uganda","Africa","Tropical"
"l_579",617,47.57135,-52.76279,150,"Cold - Without dry season - Cold summer","Canada","North America","Continental"
"l_582",618,48.08985,-114.08123,938,"Cold - Without dry season - Warm summer","United States of America","North America","Continental"
"l_583",619,48.13322,-115.40556,1285,"Cold - Dry summer - Warm summer","United States of America","North America","Continental"
"l_629",620,51.16667,-115.56667,1452,"Cold - Without dry season - Cold summer","Canada","North America","Continental"
"l_595",621,49.46537,-115.45332,836,"Cold - Without dry season - Warm summer","Canada","North America","Continental"
"l_585",622,48.201,-114.115,912,"Cold - Without dry season - Warm summer","United States of America","North America","Continental"
"l_586",623,48.287,-68.337,352,"Cold - Without dry season - Warm summer","Canada","North America","Continental"
"l_602",624,49.94,-119.39,441,"Arid Steppe - Cold","Canada","North America","Arid"
"l_668",625,54.368,-2.938,86,"Temperate - Without dry season - Warm summer","United Kingdom","Europe","Temperate"
"l_589",626,48.70289,-113.70318,1915,"Cold - Without dry season - Cold summer","United States of America","North America","Continental"
"l_590",627,48.704,-113.703,1915,"Cold - Without dry season - Cold summer","United States of America","North America","Continental"
"l_592",628,48.8,-122.3,226,"Temperate - Without dry season - Warm summer","United States of America","North America","Temperate"
"l_599",629,49.8054,-97.1394,232,"Cold - Without dry season - Warm summer","Canada","North America","Continental"
"l_601",630,49.88107,13.75405,491,"Cold - Without dry season - Warm summer","Czechia","Europe","Continental"
"l_45",631,-25.129,-51.864,1044,"Temperate - Without dry season - Warm summer","Brazil","South America","Temperate"
"l_604",632,50.27995,-3.87363,46,"Temperate - Without dry season - Warm summer","United Kingdom","Europe","Temperate"
"l_605",633,50.28,-95.52,309,"Cold - Without dry season - Warm summer","Canada","North America","Continental"
"l_606",634,50.29789,-95.53472,304,"Cold - Without dry season - Warm summer","Canada","North America","Continental"
"l_681",635,56.04633,-96.90518,183,"Cold - Without dry season - Cold summer","Canada","North America","Continental"
"l_636",636,51.63,7.93,69,"Temperate - Without dry season - Warm summer","Germany","Europe","Temperate"
"l_645",637,51.82,5.94,52,"Temperate - Without dry season - Warm summer","Netherlands","Europe","Temperate"
"l_656",638,52.42,4.69,0,"Temperate - Without dry season - Warm summer","Netherlands","Europe","Temperate"
"l_610",639,50.37807,-4.14052,61,"Temperate - Without dry season - Warm summer","United Kingdom","Europe","Temperate"
"l_620",640,50.75,-3.21,149,"Temperate - Without dry season - Warm summer","United Kingdom","Europe","Temperate"
"l_611",641,50.39111,-4.05528,54,"Temperate - Without dry season - Warm summer","United Kingdom","Europe","Temperate"
"l_612",642,50.4,-4.28,43,"Temperate - Without dry season - Warm summer","United Kingdom","Europe","Temperate"
"l_46",643,-27.33362,152.82127,251,"Temperate - Without dry season - Hot summer","Australia","Oceania","Temperate"
"l_630",644,51.1806,-2.8803,4,"Temperate - Without dry season - Warm summer","United Kingdom","Europe","Temperate"
"l_624",645,50.9094,-4.0743,95,"Temperate - Without dry season - Warm summer","United Kingdom","Europe","Temperate"
"l_654",646,52.40397,-2.18124,80,"Temperate - Without dry season - Warm summer","United Kingdom","Europe","Temperate"
"l_655",647,52.42179,-2.00357,178,"Temperate - Without dry season - Warm summer","United Kingdom","Europe","Temperate"
"l_613",648,50.52,-3.82,158,"Temperate - Without dry season - Warm summer","United Kingdom","Europe","Temperate"
"l_614",649,50.53378,5.26618,158,"Temperate - Without dry season - Warm summer","Belgium","Europe","Temperate"
"l_644",650,51.82,5.87,25,"Temperate - Without dry season - Warm summer","Netherlands","Europe","Temperate"
"l_701",651,60.457,22.285,28,"Cold - Without dry season - Warm summer","Finland","Europe","Continental"
"l_47",652,-27.42684,152.98265,64,"Temperate - Without dry season - Hot summer","Australia","Oceania","Temperate"
"l_615",653,50.65035,9.63325,384,"Temperate - Without dry season - Warm summer","Germany","Europe","Temperate"
"l_616",654,50.73,-1.53,0,"Temperate - Without dry season - Warm summer","United Kingdom","Europe","Temperate"
"l_617",655,50.74534,-1.52575,0,"Temperate - Without dry season - Warm summer","United Kingdom","Europe","Temperate"
"l_618",656,50.74538,-1.53268,0,"Temperate - Without dry season - Warm summer","United Kingdom","Europe","Temperate"
"l_619",657,50.7465,-1.53312,0,"Temperate - Without dry season - Warm summer","United Kingdom","Europe","Temperate"
"l_622",658,50.85837,4.67168,48,"Temperate - Without dry season - Warm summer","Belgium","Europe","Temperate"
"l_625",659,50.91,-4.07,95,"Temperate - Without dry season - Warm summer","United Kingdom","Europe","Temperate"
"l_626",660,51.03744,-1.76748,62,"Temperate - Without dry season - Warm summer","United Kingdom","Europe","Temperate"
"l_627",661,51.05,3.72,8,"Temperate - Without dry season - Warm summer","Belgium","Europe","Temperate"
"l_628",662,51.11531,-106.64828,552,"Arid Steppe - Cold","Canada","North America","Arid"
"l_640",663,51.77989,-106.44546,574,"Cold - Without dry season - Warm summer","Canada","North America","Continental"
"l_641",664,51.79412,-106.42035,554,"Cold - Without dry season - Warm summer","Canada","North America","Continental"
"l_712",666,65.5666,-16.94879,293,"Polar Tundra","Iceland","Europe","Polar"
"l_713",667,65.59439,-16.94443,280,"Polar Tundra","Iceland","Europe","Polar"
"l_714",668,65.62878,-16.92171,286,"Polar Tundra","Iceland","Europe","Polar"
"l_632",669,51.22056,4.39972,6,"Temperate - Without dry season - Warm summer","Belgium","Europe","Temperate"
"l_633",670,51.42789,-0.5585,36,"Temperate - Without dry season - Warm summer","United Kingdom","Europe","Temperate"
"l_634",671,51.49371,0.60813,17,"Temperate - Without dry season - Warm summer","United Kingdom","Europe","Temperate"
"l_635",672,51.54,105.04,526,"Cold - Dry winter - Warm summer","Russia","Asia","Continental"
"l_687",673,58.03,37.23,155,"Cold - Without dry season - Warm summer","Russia","Asia","Continental"
"l_692",674,59.58,31.03,54,"Cold - Without dry season - Warm summer","Russia","Asia","Continental"
"l_695",675,60.05,29.55,0,"Cold - Without dry season - Warm summer","Finland","Europe","Continental"
"l_696",676,60.09114,29.91813,6,"Cold - Without dry season - Warm summer","Russia","Europe","Continental"
"l_639",677,51.73,5.95,22,"Temperate - Without dry season - Warm summer","Netherlands","Europe","Temperate"
"l_649",678,51.92,5.52,5,"Temperate - Without dry season - Warm summer","Netherlands","Europe","Temperate"
"l_651",679,51.98693,5.66819,27,"Temperate - Without dry season - Warm summer","Netherlands","Europe","Temperate"
"l_657",680,52.865,1.255,34,"Temperate - Without dry season - Warm summer","United Kingdom","Europe","Temperate"
"l_659",681,53.09536,18.82625,84,"Cold - Without dry season - Warm summer","Poland","Europe","Continental"
"l_660",682,53.90739,20.19569,87,"Cold - Without dry season - Warm summer","Poland","Europe","Continental"
"l_9",683,-0.37575,-78.12173,3516,"Temperate - Without dry season - Warm summer","Ecuador","South America","Temperate"
"l_48",684,-27.44372,152.67021,89,"Temperate - Without dry season - Hot summer","Australia","Oceania","Temperate"
"l_661",685,53.97631,-123.72389,730,"Cold - Without dry season - Warm summer","Canada","North America","Continental"
"l_662",686,54.02327,-124.00855,662,"Cold - Without dry season - Warm summer","Canada","North America","Continental"
"l_663",687,54.179,7.9,9,"Temperate - Without dry season - Warm summer","Germany","Europe","Temperate"
"l_664",688,54.216,7.988,0,"Temperate - Without dry season - Warm summer","Germany","Europe","Temperate"
"l_672",689,54.503,10.346,0,"Cold - Without dry season - Warm summer","Germany","Europe","Continental"
"l_665",690,54.23235,18.19552,234,"Cold - Without dry season - Warm summer","Poland","Europe","Continental"
"l_666",691,54.302,-2.96,135,"Temperate - Without dry season - Warm summer","United Kingdom","Europe","Temperate"
"l_667",692,54.355,-2.98,129,"Temperate - Without dry season - Warm summer","United Kingdom","Europe","Temperate"
"l_669",693,54.37,10.15,18,"Temperate - Without dry season - Warm summer","Germany","Europe","Temperate"
"l_49",697,-27.48658,153.01375,20,"Temperate - Without dry season - Hot summer","Australia","Oceania","Temperate"
"l_688",698,58.0654,38.2555,99,"Cold - Without dry season - Warm summer","Russia","Europe","Continental"
"l_690",699,58.78333,-94.18333,5,"Cold - Without dry season - Cold summer","Canada","North America","Continental"
"l_691",700,59.278,10.565,0,"Cold - Without dry season - Warm summer","Norway","Europe","Continental"
"l_693",701,59.84974,17.62405,28,"Cold - Without dry season - Warm summer","Sweden","Europe","Continental"
"l_694",702,59.85124,17.63121,22,"Cold - Without dry season - Warm summer","Sweden","Europe","Continental"
"l_698",703,60.34585,18.25799,8,"Cold - Without dry season - Warm summer","Sweden","Europe","Continental"
"l_700",704,60.4311,18.18538,0,"Cold - Without dry season - Warm summer","Sweden","Europe","Continental"
"l_710",706,63.79778,-22.72,0,"Temperate - Without dry season - Cold summer","Iceland","Europe","Temperate"
"l_711",707,64.01972,-22.15528,31,"Temperate - Without dry season - Cold summer","Iceland","Europe","Temperate"
"l_715",708,65.69639,-21.56528,63,"Polar Tundra","Iceland","Europe","Polar"
"l_716",709,65.82111,-22.48861,171,"Polar Tundra","Iceland","Europe","Polar"
"l_717",710,65.92361,-22.43139,2,"Cold - Without dry season - Cold summer","Iceland","Europe","Continental"
"l_718",711,70.33,-148.364,5,"Polar Tundra","United States of America","North America","Polar"
"l_50",713,-27.49852,153.01252,20,"Temperate - Without dry season - Hot summer","Australia","Oceania","Temperate"
"l_603",714,5.18266,97.13751,5,"Tropical Rainforest","Indonesia","Asia","Tropical"
"l_721",715,78.90455,12.16465,124,"Polar Tundra","Norway","Europe","Polar"
"l_51",716,-27.49877,153.01171,20,"Temperate - Without dry season - Hot summer","Australia","Oceania","Temperate"
"l_52",717,-27.86497,135.89919,58,"Arid Desert - Hot","Australia","Oceania","Arid"
"l_53",718,-28.68,120.97,378,"Arid Desert - Hot","Australia","Oceania","Arid"
"l_54",719,-3.08,-59.99,50,"Tropical Rainforest","Brazil","South America","Tropical"
"l_55",720,-3.0971,-59.9871,52,"Tropical Rainforest","Brazil","South America","Tropical"
"l_57",4,-30.47598,151.63445,1028,"Temperate - Without dry season - Warm summer","Australia","Oceania","Temperate"
"l_58",5,-30.48966,151.64108,1028,"Temperate - Without dry season - Warm summer","Australia","Oceania","Temperate"
"l_722",167,9.35,-79.9,6,"Tropical Monsoon","Panama","North America","Tropical"
"l_289",332,35.04512,-81.06948,187,"Temperate - Without dry season - Hot summer","United States of America","North America","Temperate"
"l_335",336,37.37011,-80.86216,692,"Temperate - Without dry season - Hot summer","United States of America","North America","Temperate"
"l_432",483,39.86,-75.81,127,"Temperate - Without dry season - Hot summer","United States of America","North America","Temperate"
"l_510",564,43.56025,1.46769,158,"Temperate - Without dry season - Hot summer","France","Europe","Temperate"
"l_535",586,44.55013,-110.80851,2220,"Cold - Without dry season - Warm summer","United States of America","North America","Continental"
"l_683",599,56.32644,9.91521,54,"Temperate - Without dry season - Warm summer","Denmark","Europe","Temperate"
"l_555",600,45.85222,5.33944,321,"Temperate - Without dry season - Hot summer","France","Europe","Temperate"
"l_571",601,46.70528,6.20861,1208,"Cold - Without dry season - Warm summer","Switzerland","Europe","Continental"
"l_563",603,46.29752,10.50537,2377,"Cold - Without dry season - Cold summer","Italy","Europe","Continental"
"l_567",609,46.53417,5.73722,550,"Temperate - Without dry season - Warm summer","France","Europe","Temperate"
"l_574",610,46.74111,5.63111,411,"Temperate - Without dry season - Warm summer","France","Europe","Temperate"
"l_684",665,56.35299,9.91842,38,"Temperate - Without dry season - Warm summer","Denmark","Europe","Temperate"
"l_703",705,60.8,-161.77,6,"Cold - Without dry season - Cold summer","United States of America","North America","Continental"
"l_719",712,71.39,-156.48,0,"Polar Tundra","United States of America","North America","Polar"
"l_242",279,31.55712,-5.58028,1506,"Arid Desert - Cold","Morocco","Africa","Arid"
"l_473",386,42.14684,2.58,577,"Temperate - Without dry season - Hot summer","Spain","Europe","Temperate"
"l_361",424,38.27063,-0.99252,453,"Arid Desert - Cold","Spain","Europe","Arid"
"l_675",694,54.8424,-2.76452,102,"Temperate - Without dry season - Warm summer","United Kingdom","Europe","Temperate"
"l_677",695,55.26135,-4.4092,250,"Temperate - Without dry season - Warm summer","United Kingdom","Europe","Temperate"
"l_136",113,10.03,105.76,3,"Tropical Savannah","Vietnam","Asia","Tropical"
"l_230",219,30.61156,-96.33959,102,"Temperate - Without dry season - Hot summer","United States of America","North America","Temperate"
"l_228",248,30.5455,114.35604,29,"Temperate - Without dry season - Hot summer","China","Asia","Temperate"
"l_682",696,56.16803,10.19973,61,"Temperate - Without dry season - Warm summer","Denmark","Europe","Temperate"
"l_345",280,37.71,-1.9,559,"Arid Steppe - Cold","Spain","Europe","Arid"
"l_311",385,36.34,-5.61,274,"Temperate - Dry summer - Hot summer","Spain","Europe","Temperate"
"l_359",422,38.21,-2.45,1013,"Arid Steppe - Cold","Spain","Europe","Arid"
"l_443",492,40.47,8.53,268,"Temperate - Dry summer - Hot summer","Italy","Europe","Temperate"
